,source,link,title
0,NDTV,https://sports.ndtv.com/cricket/unmukt-chand-bids-adieu-to-indian-cricket-at-28-says-on-to-the-next-innings-2509853,"""On To Next Innings"": Unmukt Chand, 28, ""Bids Adieu"" To Indian Cricket"
1,NDTV,https://sports.ndtv.com/cricket/vijay-hazare-trophy-pradeep-sangwan-to-lead-22-member-delhi-squad-2369531,Vijay Hazare Trophy: Pradeep Sangwan To Lead 22-Member Delhi Squad
2,NDTV,https://sports.ndtv.com/cricket/vijay-hazare-trophy-delhi-win-bengal-kerala-play-out-thriller-1809926,"Vijay Hazare Trophy: Delhi Win, Bengal, Kerala Play Out Thriller"
3,NDTV,https://www.ndtv.com/world-news/taliban-tighten-grip-on-afghanistan-as-all-eyes-turn-to-capital-kabul-2509964,Taliban Tighten Grip On Afghanistan As All Eyes Turn To Capital Kabul
4,NDTV,https://www.ndtv.com/world-news/taliban-tame-the-lion-of-herat-capture-his-afghan-city-2509948,"Taliban Tame The ""Lion Of Herat"", Capture His Afghan City"
5,NDTV,https://www.ndtv.com/india-news/danish-siddiqui-didnt-seek-our-nod-killed-in-crossfire-taliban-to-ndtv-2509815,Photojournalist Danish Siddiqui Didn't Seek Our Nod: Taliban To NDTV
6,NDTV,https://sports.ndtv.com/cricket/west-indies-vs-pakistan-dwayne-bravo-plays-his-last-international-game-on-caribbean-soil-2501931,WI vs PAK: Dwayne Bravo Plays His Last International Game On Caribbean Soil
7,NDTV,https://sports.ndtv.com/cricket/west-indies-vs-pakistan-2nd-t20i-pakistan-defy-rampant-nicholas-pooran-to-edge-west-indies-by-seven-runs-2499790,"West Indies vs Pakistan, 2nd T20I: Pakistan Defy Rampant Nicholas Pooran To Edge West Indies By Seven Runs"
8,NDTV,https://sports.ndtv.com/cricket/wi-vs-pak-live-cricket-score-icc-cricket-world-cup-2045907,"West Indies vs Pakistan Highlights, Cricket World Cup 2019: Pakistan Lose To West Indies By 7 Wickets"
9,NDTV,https://sports.ndtv.com/football/thomas-tuchel-expects-big-impact-from-romelu-lukaku-in-second-chance-at-chelsea-2509945,"Premier League: Thomas Tuchel Expects ""Big Impact"" From Romelu Lukaku In Second Chance At Chelsea"
10,NDTV,https://sports.ndtv.com/football/virgil-van-dijk-signs-new-liverpool-long-term-contract-2509694,Virgil Van Dijk Signs New Liverpool Long-Term Contract
11,NDTV,https://sports.ndtv.com/cricket/ms-dhoni-other-chennai-super-kings-players-depart-for-dubai-for-ipl-2021-see-pics-2509616,"""Get Ready Folks"": MS Dhoni, Other Chennai Super Kings Players Depart For Dubai For IPL 2021. See Pics"
12,NDTV,https://www.ndtv.com/world-news/international-left-handers-day-2021-here-are-10-interesting-facts-that-make-left-handers-unique-2509412,International Left-Handers Day 2021: 10 Interesting Facts That Make Left-Handers Unique
13,NDTV,https://swirlster.ndtv.com/style/happy-birthday-sridevi-remembering-bollywoods-og-style-diva-on-her-58th-birthday-2509696,Remembering Sridevi As The Eternal Style Diva On Her 58th Birth Anniversary
14,NDTV,https://www.ndtv.com/entertainment/everything-is-for-you-janhvi-kapoor-posts-childhood-memory-of-mom-sridevi-on-her-birth-anniversary-2509391,"""Everything Is For You"": Janhvi Kapoor Posts Childhood Memory Of Mom Sridevi On Her Birth Anniversary"
15,NDTV,https://www.ndtv.com/entertainment/a-sridevi-memory-from-khushi-kapoors-album-the-coolest-she-captioned-this-2489891,"A Sridevi Memory From Khushi Kapoor's Album. ""The Coolest,"" She Captioned This"
16,NDTV,https://swirlster.ndtv.com/style/radhika-aptes-cut-out-white-midi-dress-is-the-most-chic-dress-code-for-hot-days-2509813,Radhika Apte's Cut-Out White Midi Dress Is The Most Chic Dress Code For Hot Days
17,NDTV,https://gadgets.ndtv.com/entertainment/guide/best-hindi-movies-on-amazon-prime-2507846,Best Hindi Movies on Amazon Prime Video [August 2021]
18,NDTV,https://gadgets.ndtv.com/entertainment/guide/best-hindi-movies-on-netflix-2502583,Best Hindi Movies on Netflix [August 2021]
19,NDTV,https://swirlster.ndtv.com/style/kangana-ranaut-in-a-white-lace-corset-and-layered-gold-necklaces-gives-us-those-fabulous-friday-feels-2509400,Kangana Ranaut In A White Lace Corset And Layered Gold Necklaces Gives Us Those Fabulous Friday Feels
20,NDTV,https://www.ndtv.com/india-news/court-gives-kangana-ranaut-last-chance-for-exemption-in-javed-akhtar-defamation-case-2496149,"Court Gives Kangana Ranaut ""Last Chance"" For Exemption In Defamation Case"
21,NDTV,https://swirlster.ndtv.com/style/kangana-ranauts-style-diaries-from-budapest-include-this-chic-floral-mini-dress-2480577,Kangana Ranaut's Style Diaries From Budapest Include This Chic Floral Mini Dress
22,NDTV,https://sports.ndtv.com/football/thomas-tuchel-expects-big-impact-from-romelu-lukaku-in-second-chance-at-chelsea-2509945,"Premier League: Thomas Tuchel Expects ""Big Impact"" From Romelu Lukaku In Second Chance At Chelsea"
23,NDTV,https://sports.ndtv.com/football/romelu-lukaku-rejoins-chelsea-for-club-record-fee-from-inter-milan-2509180,Premier League: Romelu Lukaku Rejoins Chelsea For Club Record Fee From Inter Milan
24,NDTV,https://sports.ndtv.com/football/premier-league-chelseas-thomas-tuchel-tight-lipped-as-antonio-rudiger-welcomes-addition-of-beast-romelu-lukaku-2507488,"Thomas Tuchel Tight-Lipped As Antonio Rudiger Welcomes Addition Of ""Beast"" Romelu Lukaku"
25,NDTV,https://sports.ndtv.com/football/lionel-messi-signing-for-psg-a-possibility-2505653,"Signing For Paris Saint-Germain A ""Possibility"", Says Lionel Messi"
26,NDTV,https://sports.ndtv.com/football/lionel-messi-to-break-silence-on-barcelona-departure-as-psg-wait-2505403,Lionel Messi To Break Silence On Barcelona Departure As Paris Saint-Germain Wait
27,NDTV,https://sports.ndtv.com/football/lionel-messis-10-iconic-moments-at-barcelona-2504318,Lionel Messi's 10 Iconic Moments At Barcelona
28,NDTV,https://www.ndtv.com/india-news/your-time-starts-now-trinamool-congress-derek-obriens-friday-the-13th-post-targets-pm-2509712,"""Your Time Starts Now"": Derek O'Brien's ""Friday The 13th"" Post Targets PM"
29,NDTV,https://www.ndtv.com/offbeat/memes-go-viral-as-people-ward-off-bad-luck-on-friday-the-13th-2509485,Just Some Memes To Get You Through Friday The 13th
30,NDTV,https://www.ndtv.com/india-news/uttarakhand-glacier-burst-number-of-deaths-rise-to-62-as-1-more-body-recovered-2374492,Uttarakhand Glacier Burst: Deaths Rise To 62 As One More Body Recovered
31,NDTV,https://www.ndtv.com/india-news/odisha-man-bites-and-kills-snake-in-bizzare-revenge-case-2509216,Odisha Man Bites And Kills Snake In Bizzare Revenge Case
32,NDTV,https://www.ndtv.com/india-news/nag-panchami-2021-date-timings-puja-and-significance-2508744,"Nag Panchami 2021: Know About Date, Timings, Puja And Significance Of The Day"
33,NDTV,https://www.ndtv.com/cities/vadodara-10-foot-python-swallows-monkey-in-gujarat-rescued-from-river-2506763,"10-Foot Python Swallows Monkey In Gujarat, Rescued From River"
34,NDTV,https://www.ndtv.com/education/kcet-2021-admit-card-released-direct-link-here,KCET 2021 Admit Card Released; Direct Link Here
35,NDTV,https://www.ndtv.com/education/kcet-2021-admit-card-be-released-on-august-13-heres-how-download,KCET 2021 Admit Card To Be Released On August 13; Here’s How To Download
36,NDTV,https://www.ndtv.com/india-news/bpsc-topper-wants-to-break-vicious-cycle-of-unemployment-in-bihar-2458766,Bihar Man Who Topped Government Service Exam Says His Aim Is...
37,NDTV,https://www.ndtv.com/jobs/bpsc-cce-result-know-how-to-check-2458055,"1,454 Qualify For Bihar Administrative Service And Other Services"
38,NDTV,https://www.ndtv.com/jobs/bpsc-assistant-engineer-civil-interview-from-june-25-to-28-2456167,Bihar Assistant Engineer (Civil) Interview For Remaining Candidates From June 25
39,NDTV,https://www.carandbike.com/news/indian-automotive-industry-reacts-to-the-launch-of-the-voluntary-scrappage-policy-2509892,Indian Automotive Industry Reacts To The Launch Of The Voluntary Scrappage Policy
40,NDTV,https://www.carandbike.com/hindi/tata-motors-partners-with-gujarat-government-to-set-up-vehicle-scrapping-facility-in-ahmedabad-news-2509789,टाटा मोटर्स ने अहमदाबाद में वाहन स्क्रैपिंग सुविधा लगाने के लिए गुजरात सरकार के साथ साझेदारी की
41,NDTV,https://www.carandbike.com/news/tata-motors-partners-with-gujarat-government-to-set-up-vehicle-scrapping-facility-in-ahmedabad-2509772,Tata Motors Partners With Gujarat Government To Set Up Vehicle Scrapping Facility In Ahmedabad
42,NDTV,https://www.ndtv.com/world-news/britney-spears-father-to-step-down-as-estate-conservator-reports-2509239,"Britney Spears' Father ""To Step Down"" As Estate Conservator: Reports"
43,NDTV,https://www.ndtv.com/world-news/britney-spears-wants-father-to-be-immediately-replaced-as-guardian-report-2504328,Britney Spears Wants Father To Be Immediately Replaced As Guardian: Report
44,NDTV,https://www.ndtv.com/world-news/cruelty-britney-spears-files-plea-to-replace-her-father-jamie-spears-in-conservatorship-2495528,"""Cruelty"": Britney Spears Files Plea To Replace Her Father In Conservatorship"
45,NDTV,https://sports.ndtv.com/cricket/england-vs-india-2nd-test-two-wickets-in-first-2-overs-of-the-day-indias-nightmare-start-watch-2509828,"Watch: India Lose KL Rahul, Ajinkya Rahane In Nightmare Start On Day 2"
46,NDTV,https://sports.ndtv.com/cricket/eng-vs-ind-england-vs-india-2nd-test-match-day-2-live-cricket-updates-2509619,"England vs India, 2nd Test, Day 2 Live Cricket Updates: Rory Burns, Joe Root Steady England After Early Wickets"
47,NDTV,https://sports.ndtv.com/cricket/eng-vs-ind-2nd-test-its-the-best-i-have-seen-kl-rahul-bat-says-rohit-sharma-2509510,"England vs India, 2nd Test: ""Best I Have Seen KL Rahul Bat,"" Says Rohit Sharma"
48,NDTV,https://www.ndtv.com/india-news/nag-panchami-2021-date-timings-puja-and-significance-2508744,"Nag Panchami 2021: Know About Date, Timings, Puja And Significance Of The Day"
49,NDTV,https://www.ndtv.com/india-news/nag-panchami-today-know-all-about-the-festival-dedicated-to-lord-shiva-and-the-snake-gods-2268564,Nag Panchami: Know Why The Day Is Important For Devotees Of Lord Shiva
50,NDTV,https://food.ndtv.com/food-drinks/nag-panchami-2020-date-significance-of-fasting-or-vrat-and-pooja-timings-2268517,"Nag Panchami 2020: Date, Significance Of Fasting Or Vrat And Pooja Timings "
51,Times Of India,https://www.hindustantimes.com//entertainment/tamil-cinema/netrikann-review-nayanthara-manages-to-shine-in-this-too-safe-adaptation-of-korean-thriller-101628856052022.html,"

Netrikann review: Nayanthara shines in a safe adaptation of Korean thriller

"
52,Times Of India,https://www.hindustantimes.com//entertainment/tamil-cinema/before-netrikann-a-look-at-films-like-imaikka-nodigal-aramm-that-helped-nayanthara-reinvent-herself-101628664226547.html,"

Before Netrikann, a look at five films that helped Nayanthara reinvent herself

"
53,Times Of India,https://www.hindustantimes.com//entertainment/tamil-cinema/nayanthara-confirms-she-s-engaged-to-vignesh-shivn-on-tamil-talk-show-watch-video-101628606045998.html,"

Nayanthara confirms she’s engaged to Vignesh Shivn on Tamil talk show, watch

"
54,Times Of India,https://www.hindustantimes.com//cricket/unmukt-chand-india-s-2012-u19-world-cup-winning-captain-retires-at-the-age-of-28-101628857109963.html,"

India's 2012 U19 World Cup-winning captain retires at the age of 28

"
55,Times Of India,https://www.hindustantimes.com//cricket/sangwan-to-lead-delhi-in-vijay-hazare-dhawan-also-in-squad-101613137083232.html,"

Sangwan to lead Delhi in Vijay Hazare, Dhawan also in squad

"
56,Times Of India,https://www.hindustantimes.com//cricket/felt-like-my-clothes-were-ripped-apart-unmukt-chand-on-delhi-and-ipl-snub/story-wiZux3nnjI6k2LAWVoKXGI.html,"

Felt like my clothes were ripped apart: Unmukt Chand on Delhi and IPL snub

"
57,Times Of India,https://www.hindustantimes.com//world-news/india-preps-for-rapid-evacuation-of-its-nationals-in-afghanistan-amid-taliban-blitz-101628873036460.html,"

India preps for rapid evacuation of nationals in Afghanistan amid Taliban blitz

"
58,Times Of India,https://www.hindustantimes.com//india-news/india-rubbishes-pakistan-foreign-minister-s-allegations-on-attack-that-killed-9-chinese-nationals-101628866434569.html,"

India rubbishes Pakistan foreign minister’s allegations on attack that killed 9 Chinese nationals

"
59,Times Of India,https://www.hindustantimes.com//world-news/taliban-ban-covid-jab-in-paktia-claims-report-video-of-them-partying-emerges-101628858699024.html,"

Taliban ban Covid jab in Paktia, claims report; Video of them partying emerges

"
60,Times Of India,https://www.hindustantimes.com//cricket/west-indies-recall-roston-chase-brooks-holder-and-rest-bravo-and-gabriel-101628751340541.html,"

West Indies recall Roston Chase, Brooks, Holder and rest Bravo and Gabriel

"
61,Times Of India,https://www.hindustantimes.com//cricket/wi-vs-pak-way-hafeez-bowled-in-powerplay-showed-his-experience-says-babar-101627809930771.html,"

WI vs Pak: Way Hafeez bowled in powerplay showed his experience, says Babar

"
62,Times Of India,https://www.hindustantimes.com//cricket/greatest-match-winner-india-ever-had-gautam-gambhir-hails-anil-kumble-on-22nd-anniversary-of-10-wickets-against-pakistan-101612692792785.html,"

'Greatest match-winner India ever had': Gambhir hails Kumble

"
63,Times Of India,https://www.hindustantimes.com//sports/football/spanish-league-gets-approval-for-multibillion-dollar-deal-101628837816600.html,"

Spanish league gets approval for multibillion-dollar deal

"
64,Times Of India,https://www.hindustantimes.com//sports/football/reborn-romelu-lukaku-returns-to-chelsea-at-peak-of-his-powers-101628821331823.html,"

Reborn Lukaku returns to Chelsea at peak of his powers

"
65,Times Of India,https://www.hindustantimes.com//sports/football/premier-league-leeds-united-manager-marcelo-bielsa-signs-contract-extension-101628821371726.html,"

Leeds manager Bielsa signs contract extension

"
66,Times Of India,https://www.hindustantimes.com//entertainment/tamil-cinema/netrikann-review-nayanthara-manages-to-shine-in-this-too-safe-adaptation-of-korean-thriller-101628856052022.html,"

Netrikann review: Nayanthara shines in a safe adaptation of Korean thriller

"
67,Times Of India,https://www.hindustantimes.com//world-news/international-lefthanders-day-2021-history-significance-and-all-you-need-to-know-101628832768990.html,"

International Lefthanders Day 2021: History, significance and all you need to know

"
68,Times Of India,https://www.hindustantimes.com//brunch/six-reasons-why-being-a-lefty-is-tough/story-CELHtEEqfQdBN8KPCF7EZP.html,"

International Lefthanders’ Day: 6 reasons why being a lefty is tough

"
69,Times Of India,https://www.hindustantimes.com//bollywood/international-lefthanders-day-the-list-of-popular-lefties-is-way-too-long/story-kLQATO9HMxZOxSI75E8O8J.html,"

International Lefthanders Day: The list of popular lefties is way too long

"
70,Times Of India,https://www.hindustantimes.com//entertainment/bollywood/when-boney-kapoor-revealed-sridevi-would-ask-about-arjun-kapoor-anshula-she-s-a-devoted-family-person-101628839833617.html,"

When Boney Kapoor revealed Sridevi would ask about Arjun-Anshula

"
71,Times Of India,https://www.hindustantimes.com//entertainment/bollywood/janhvi-kapoor-honours-mom-sridevi-on-birth-anniversary-everything-is-for-you-always-every-day-101628831021354.html,"

Janhvi Kapoor honours mom Sridevi on birth anniversary: ‘Everything is for you’

"
72,Times Of India,https://www.hindustantimes.com//entertainment/bollywood/janhvi-kapoor-asked-sridevi-the-spelling-of-her-name-she-spelt-it-wrong-too-check-out-hilarious-story-101628779224963.html,"

Janhvi asked Sridevi right spelling of her name, she spelt it wrong too

"
73,Times Of India,https://www.hindustantimes.com//brand-post/producer-mansi-bagla-drops-the-first-look-of-forensic-starring-vikrant-radhika-101627575473669.html,"

Producer Mansi Bagla drops the first look of Forensic starring Vikrant & Radhika

"
74,Times Of India,https://www.hindustantimes.com//entertainment/bollywood/kubbra-sait-gets-on-board-for-onir-s-i-am-sequel-titled-we-are-101626980521634.html,"

Kubbra Sait gets on board for Onir’s I Am sequel titled We Are

"
75,Times Of India,https://www.hindustantimes.com//entertainment/bollywood/soha-ali-khan-suriya-and-radhika-apte-receive-covid-19-vaccine-share-pics-101624368647203.html,"

Soha Ali Khan, Suriya, Radhika Apte receive Covid-19 vaccine

"
76,Times Of India,https://www.hindustantimes.com//entertainment/bollywood/russell-crowe-amplifies-fan-s-tweet-asking-him-to-work-with-kangana-ranaut-101628852185427.html,"

Russell Crowe amplifies fan's tweet asking him to work with Kangana Ranaut

"
77,Times Of India,https://www.hindustantimes.com//entertainment/bollywood/kangana-ranaut-steps-out-for-ice-cream-date-with-sister-rangoli-chandel-and-her-nephew-in-budapest-see-pics-101628594749923.html,"

Kangana Ranaut steps out for ice cream date with Rangoli and her nephew

"
78,Times Of India,https://www.hindustantimes.com//cities/mumbai-news/defamtion-case-kangana-ranaut-trying-to-delay-proceeding-javed-akhtar-tells-bombay-hc-101628536157110.html,"

Defamtion case: Kangana Ranaut trying to delay proceeding, Javed Akhtar tells Bombay HC

"
79,Times Of India,https://www.hindustantimes.com//sports/football/reborn-romelu-lukaku-returns-to-chelsea-at-peak-of-his-powers-101628821331823.html,"

Reborn Lukaku returns to Chelsea at peak of his powers

"
80,Times Of India,https://www.hindustantimes.com//sports/football/euro-2020-current-leader-in-the-race-to-golden-boot-ahead-of-semifinals-involving-cristiano-ronaldo-patrik-schick-and-romelu-lukaku-101625408477216.html,"

Euro 2020: Current leader in the race to Golden Boot ahead of semifinals

"
81,Times Of India,https://www.hindustantimes.com//sports/football/remade-in-inter-lukaku-aims-for-italy-101625154638122.html,"

Remade in Inter, Lukaku aims for Italy

"
82,Times Of India,https://www.hindustantimes.com//sports/football/spanish-league-gets-approval-for-multibillion-dollar-deal-101628837816600.html,"

Spanish league gets approval for multibillion-dollar deal

"
83,Times Of India,https://www.hindustantimes.com//sports/football/spanish-league-gets-approval-for-multibillion-dollar-deal-101628820301751.html,"

Spanish league gets approval for multibillion-dollar deal

"
84,Times Of India,https://www.hindustantimes.com//sports/football/real-madrid-suing-league-president-over-deal-with-investment-fund-101628604802938.html,"

Real Madrid suing league president over deal with investment fund

"
85,Times Of India,https://www.hindustantimes.com//world-news/judge-won-t-move-trial-in-floyd-s-death-13th-juror-picked-101616197073946.html,"

Judge won't move trial in Floyd's death; 13th juror picked

"
86,Times Of India,https://www.hindustantimes.com//art-and-culture/inked-incognito-here-s-some-of-the-best-covid-era-street-art-from-around-the-world/story-QwOMIr0ZR3CLLoDrBZvueK.html,"

Inked incognito: Here’s some of the best Covid-era street art from around the world

"
87,Times Of India,https://www.hindustantimes.com//fashion-and-trends/coronavirus-pandemic-surgical-or-homemade-masks-mark-a-major-shift-in-thinking/story-UrabJmdN0vxBSc2sG555ZI.html,"

Coronavirus pandemic: Surgical or homemade, masks mark a major shift in thinking

"
88,Times Of India,https://www.hindustantimes.com//cities/others/wlsos-foresters-rescue-24-reptiles-from-agra-snake-charmers-101628611521912.html,"

WL-SOS, foresters rescue 24 reptiles from Agra snake charmers

"
89,Times Of India,https://www.hindustantimes.com//cities/lucknow-news/young-and-fearless-they-show-nerves-of-steel-to-rescue-snakes-in-uttar-pradesh-101628519956415.html,"

Young and fearless: They display nerves of steel to rescue snakes in Uttar Pradesh

"
90,Times Of India,https://www.hindustantimes.com//india-news/snake-found-onboard-mumbai-bound-indigo-flight-at-kolkata-airport-101628435860470.html,"

Snake found onboard Mumbai-bound IndiGo flight at Kolkata airport

"
91,Times Of India,https://www.hindustantimes.com//education/competitive-exams/kcet-admit-card-2021-released-direct-link-how-to-download-here-101628823218997.html,"

KCET Admit Card 2021 released, direct link & how to download here 

"
92,Times Of India,https://www.hindustantimes.com//education/exam-results/bpsc-assistant-engineer-final-result-and-answer-key-released-at-bpscbihnicin-101626341641826.html,"

BPSC assistant engineer final result and answer key released at bpsc.bih.nic.in

"
93,Times Of India,https://www.hindustantimes.com//education/competitive-exams/bpsc-ae-exam-2021-date-announced-on-bpscbihnicin-101625904868124.html,"

BPSC AE Exam 2021 date announced on bpsc.bih.nic.in

"
94,Times Of India,https://www.hindustantimes.com//education/competitive-exams/bpsc-apo-main-2021-exam-schedule-released-admit-cards-from-august-16-101625838380043.html,"

BPSC APO Main 2021 exam schedule released, admit cards from August 16

"
95,Times Of India,https://www.hindustantimes.com//india-news/vehicle-scrappage-policy-catalyst-for-change-pm-modi-101628853653753.html,"

Vehicle scrappage policy catalyst for change: PM Modi

"
96,Times Of India,https://www.hindustantimes.com//india-news/heres-all-you-need-to-know-about-the-vehicle-scrappage-policy-gadkari-announced-101616127199343.html,"

Here’s all you need to know about the vehicle scrappage policy Gadkari announced

"
97,Times Of India,https://www.hindustantimes.com//india-news/govt-announces-vehicle-scrappage-policy-all-you-need-to-know-101616078006047.html,"

Govt announces vehicle scrappage policy: All you need to know

"
98,Times Of India,https://www.hindustantimes.com//lifestyle/relationships/britney-spears-father-james-spears-will-step-down-from-the-conservatorship-101628818920665.html,"

Britney Spears’ dad will exit conservatorship, but not yet

"
99,Times Of India,https://www.hindustantimes.com//lifestyle/relationships/britney-spears-files-petition-to-remove-her-father-from-her-conservatorship-101627354908999.html,"

Britney Spears files petition to remove her father from her conservatorship

"
100,Times Of India,https://www.hindustantimes.com//entertainment/hollywood/samantha-stark-emmy-nods-for-framing-britney-spears-signifies-that-people-are-ready-to-believe-her-101627136596053.html,"

Samantha Stark: Emmy nods for Framing Britney Spears signifies that people are ready to believe her

"
101,Times Of India,https://www.hindustantimes.com//cricket/rohit-sharma-is-the-opener-india-always-needed-101628865233616.html,"

Rohit Sharma is the opener India always needed

"
102,Times Of India,https://www.hindustantimes.com//cricket/twitter-flooded-with-hilarious-memes-after-india-s-middle-order-failure-at-lords-101628862639867.html,"

Twitter flooded with hilarious memes after India's middle-order fails again

"
103,Times Of India,https://www.hindustantimes.com//cricket/virat-still-getting-the-40s-but-rahane-pujara-the-real-worry-former-india-pacer-concerned-about-middle-order-batting-101628862200513.html,"

'He scored that century at MCG but didn't gain any confidence from it'

"
104,Times Of India,https://www.hindustantimes.com//lifestyle/festivals/august-2021-festivals-here-s-a-complete-list-of-all-the-festivals-in-august-101628075762320.html,"

August 2021 festivals: Here's a complete list of all the festivals in August

"
105,Times Of India,https://www.hindustantimes.com//india-news/dalits-protest-outside-police-station-in-up-town-after-clashes-in-which-9-were-injured/story-tbVJCBRhyQMvR5cCRfOZKM.html,"

Dalits protest outside police station in UP town after clashes in which 9 were injured

"
106,Times Of India,https://www.hindustantimes.com//lucknow/women-wrestlers-in-varanasi-make-new-beginning-swing-maces-clubs/story-NKhlf9lPimUGnb4XIU7QKK.html,"

Women wrestlers in Varanasi make new beginning; swing maces, clubs

"
107,The Hindu,https://www.thehindu.com//entertainment/movies/netrikann-review-a-middling-thriller-that-packs-in-oodles-of-sentiment/article35897421.ece,"
‘Netrikann’ review: A middling thriller that packs in oodles of sentiment "
108,The Hindu,https://www.thehindu.com//entertainment/movies/netrikann-trailer-nayanthara-stars-in-high-stakes-murder-mystery/article35601008.ece,"
‘Netrikann’ trailer: Nayanthara stars in high-stakes murder mystery "
109,The Hindu,https://www.thehindu.com//todays-paper/tp-sports/the-domestic-grind-resumes/article33884788.ece,"
The domestic grind resumes "
110,The Hindu,https://www.thehindu.com//sport/cricket/hazare-trophy-the-domestic-grind-resumes/article33883043.ece,"
Hazare Trophy | The domestic grind resumes "
111,The Hindu,https://www.thehindu.com//news/top-news-of-the-day-august-13-2021-taliban-control-17-of-afghanistans-34-provincial-capitals-bharat-biotechs-nasal-covid-19-vaccine-gets-nod-for-phase-23-trial-and-more/article35898901.ece,"
Top news of the day: Taliban control 17 of Afghanistan’s 34 provincial capitals; Bharat Biotech’s nasal COVID-19 vaccine gets nod for phase 2/3 trial, and more "
112,The Hindu,https://www.thehindu.com//news/national/taliban-gains-complicate-indias-options/article35898057.ece,"
Taliban gains complicate India’s options "
113,The Hindu,https://www.thehindu.com//todays-paper/tp-sports/pakistan-342/article35889403.ece,"
Pakistan 34/2 "
114,The Hindu,https://www.thehindu.com//todays-paper/tp-sports/alam-and-butt-in-good-nick/article34454539.ece,"
Alam and Butt in good nick "
115,The Hindu,https://www.thehindu.com//sport/football/english-premier-league-harry-kane-transfer-saga-could-define-season/article35887579.ece,"
English Premier League | Harry Kane transfer saga could define season "
116,The Hindu,https://www.thehindu.com//todays-paper/tp-sports/kane-transfer-saga-could-define-season/article35889191.ece,"
Kane transfer saga could define season "
117,The Hindu,https://www.thehindu.com//entertainment/movies/netrikann-review-a-middling-thriller-that-packs-in-oodles-of-sentiment/article35897421.ece,"
‘Netrikann’ review: A middling thriller that packs in oodles of sentiment "
118,The Hindu,https://www.thehindu.com//entertainment/music/how-singer-poorvi-koutish-landed-jwalamukhi-from-ar-rahmans-99-songs/article31184336.ece,"
‘Jwalamukhi’ and me: How singer Poorvi Koutish landed AR Rahman’s ‘99 Songs’ "
119,The Hindu,https://www.thehindu.com//sport/cricket/india-tour-of-england-england-vs-india-second-test-at-lords-in-london-day-2/article35897640.ece,"
Eng. vs Ind. second Test | Anderson's five-for pegs India back, England 23/0 at tea "
120,The Hindu,https://www.thehindu.com//sport/cricket/india-tour-of-england-england-vs-india-first-test-in-nottingham-day-3/article35773440.ece,"
Eng vs Ind 1st Test | Robinson takes five-for as Jadeja and tail give India edge "
121,The Hindu,https://www.thehindu.com//todays-paper/tp-national/tp-telangana/bonalu-celebrated-with-fervour-at-lal-darwaza/article35673481.ece,"
Bonalu celebrated with fervour at Lal Darwaza "
122,The Hindu,https://www.thehindu.com//todays-paper/tp-national/tp-andhrapradesh/inquiry-on-fake-caste-certificates/article35673658.ece,"
Inquiry on fake caste certificates "
123,The Hindu,https://www.thehindu.com//entertainment/movies/vikrant-massey-radhika-apte-to-play-leads-in-crime-thriller-forensic/article35577966.ece,"
Vikrant Massey, Radhika Apte to play leads in crime thriller ‘Forensic’ "
124,The Hindu,https://www.thehindu.com//entertainment/movies/rajkummar-rao-radhika-apte-to-star-in-vasan-balas-monica-o-my-darling/article35577935.ece,"
Rajkummar Rao, Radhika Apte to star in Vasan Bala’s ‘Monica, O My Darling’ "
125,The Hindu,https://www.thehindu.com//news/cities/mumbai/bombay-high-court-to-hear-kangana-ranauts-plea-to-quash-fir-against-her-on-sept-13/article35867819.ece,"
Bombay High Court to hear Kangana Ranaut’s plea to quash FIR against her on Sept. 13 "
126,The Hindu,https://www.thehindu.com//todays-paper/tp-national/hc-to-hear-kanganas-plea-to-quash-fir-against-her-on-sept-13/article35867961.ece,"
HC to hear Kangana’s plea to quash FIR against her on Sept. 13 "
127,The Hindu,https://www.thehindu.com//sport/football/english-premier-league-harry-kane-transfer-saga-could-define-season/article35887579.ece,"
English Premier League | Harry Kane transfer saga could define season "
128,The Hindu,https://www.thehindu.com//todays-paper/tp-sports/kane-transfer-saga-could-define-season/article35889191.ece,"
Kane transfer saga could define season "
129,The Hindu,https://www.thehindu.com//sport/football/lionel-messi-reaches-agreement-on-move-to-psg-report/article35834959.ece,"
Lionel Messi flies in to complete move to Paris Saint-Germain "
130,The Hindu,https://www.thehindu.com//sport/football/explained-why-messi-cannot-continue-at-barcelona/article35828917.ece,"
Explained | Why Messi cannot continue at Barcelona "
131,The Hindu,https://www.thehindu.com//news/national/ban-on-production-of-specific-plastic-goods-from-july-2022/article35902096.ece,"
Ban on production of specific plastic goods from July 2022 "
132,The Hindu,https://www.thehindu.com//news/national/bharat-biotechs-nasal-covid-19-vaccine-gets-nod-for-phase-23-trial/article35898374.ece,"
Bharat Biotech’s intranasal vaccine gets the nod for phase 2/3 trial "
133,The Hindu,https://www.thehindu.com//todays-paper/tp-national/tp-telangana/advisory-against-cruelty-to-snakes-on-nagapanchami/article35889349.ece,"
Advisory against cruelty to snakes on Nagapanchami "
134,The Hindu,https://www.thehindu.com//news/cities/Hyderabad/advisory-against-cruelty-to-snakes-on-nagapanchami/article35882554.ece,"
Advisory against cruelty to snakes on Nagapanchami "
135,The Hindu,https://www.thehindu.com//todays-paper/tp-national/query-on-role-of-governor-causes-flutter/article28460485.ece,"
Query on role of Governor causes flutter "
136,The Hindu,https://www.thehindu.com//news/national/karnataka/keep-your-strengths-and-weaknesses-in-mind-when-choosing-career-path/article27250505.ece,"
‘Keep your strengths and weaknesses in mind when choosing career path’ "
137,The Hindu,https://www.thehindu.com//news/top-news-of-the-day-august-13-2021-taliban-control-17-of-afghanistans-34-provincial-capitals-bharat-biotechs-nasal-covid-19-vaccine-gets-nod-for-phase-23-trial-and-more/article35898901.ece,"
Top news of the day: Taliban control 17 of Afghanistan’s 34 provincial capitals; Bharat Biotech’s nasal COVID-19 vaccine gets nod for phase 2/3 trial, and more "
138,The Hindu,https://www.thehindu.com//news/national/scrappage-policy-will-help-phase-out-unfit-polluting-vehicles-pm-modi/article35891721.ece,"
PM introduces policy aimed at phasing out old and unfit vehicles "
139,The Hindu,https://www.thehindu.com//entertainment/britney-spears-father-agrees-to-step-down-from-conservatorship/article35889705.ece,"
Britney Spears’ father agrees to step down from conservatorship "
140,The Hindu,https://www.thehindu.com//todays-paper/tp-international/i-quit-says-britney-spears-in-new-furious-instagram-post/article35400320.ece,"
'I quit!' says Britney Spears in new, furious Instagram post "
141,The Hindu,https://www.thehindu.com//news/top-news-of-the-day-august-13-2021-taliban-control-17-of-afghanistans-34-provincial-capitals-bharat-biotechs-nasal-covid-19-vaccine-gets-nod-for-phase-23-trial-and-more/article35898901.ece,"
Top news of the day: Taliban control 17 of Afghanistan’s 34 provincial capitals; Bharat Biotech’s nasal COVID-19 vaccine gets nod for phase 2/3 trial, and more "
142,The Hindu,https://www.thehindu.com//sport/cricket/india-tour-of-england-england-vs-india-second-test-at-lords-in-london-day-2/article35897640.ece,"
Eng. vs Ind. second Test | Anderson's five-for pegs India back, England 23/0 at tea "
143,The Hindu,https://www.thehindu.com//todays-paper/tp-national/tp-andhrapradesh/day-after-nag-panchami-tribals-celebrate-siral-puja/article28841784.ece,"
Day after Nag Panchami, tribals celebrate Siral puja "
144,The Hindu,https://www.thehindu.com//news/cities/Mangalore/towards-eco-friendlynaga-panchami/article28828314.ece,"
Towards eco-friendlyNaga Panchami "
